/*M!999999\- enable the sandbox mode */ 
-- MariaDB dump 10.19  Distrib 10.6.23-MariaDB, for debian-linux-gnu (x86_64)
--
-- Host: localhost    Database: aluguel_manager
-- ------------------------------------------------------
-- Server version	10.6.23-MariaDB-0ubuntu0.22.04.1

/*!40101 SET @OLD_CHARACTER_SET_CLIENT=@@CHARACTER_SET_CLIENT */;
/*!40101 SET @OLD_CHARACTER_SET_RESULTS=@@CHARACTER_SET_RESULTS */;
/*!40101 SET @OLD_COLLATION_CONNECTION=@@COLLATION_CONNECTION */;
/*!40101 SET NAMES utf8mb4 */;
/*!40103 SET @OLD_TIME_ZONE=@@TIME_ZONE */;
/*!40103 SET TIME_ZONE='+00:00' */;
/*!40014 SET @OLD_UNIQUE_CHECKS=@@UNIQUE_CHECKS, UNIQUE_CHECKS=0 */;
/*!40014 SET @OLD_FOREIGN_KEY_CHECKS=@@FOREIGN_KEY_CHECKS, FOREIGN_KEY_CHECKS=0 */;
/*!40101 SET @OLD_SQL_MODE=@@SQL_MODE, SQL_MODE='NO_AUTO_VALUE_ON_ZERO' */;
/*!40111 SET @OLD_SQL_NOTES=@@SQL_NOTES, SQL_NOTES=0 */;

--
-- Table structure for table `imoveis`
--

DROP TABLE IF EXISTS `imoveis`;
/*!40101 SET @saved_cs_client     = @@character_set_client */;
/*!40101 SET character_set_client = utf8mb4 */;
CREATE TABLE `imoveis` (
  `id` int(11) NOT NULL AUTO_INCREMENT,
  `nome` varchar(255) NOT NULL,
  `endereco` text NOT NULL,
  `bairro` varchar(255) DEFAULT NULL,
  `cidade` varchar(255) DEFAULT NULL,
  `estado` varchar(2) DEFAULT NULL,
  `createdAt` timestamp NOT NULL DEFAULT current_timestamp(),
  `updatedAt` timestamp NOT NULL DEFAULT current_timestamp() ON UPDATE current_timestamp(),
  PRIMARY KEY (`id`)
) ENGINE=InnoDB AUTO_INCREMENT=6 DEFAULT CHARSET=utf8mb4 COLLATE=utf8mb4_unicode_ci;
/*!40101 SET character_set_client = @saved_cs_client */;

--
-- Dumping data for table `imoveis`
--

LOCK TABLES `imoveis` WRITE;
/*!40000 ALTER TABLE `imoveis` DISABLE KEYS */;
INSERT INTO `imoveis` VALUES (1,'Gabriel Gomes','Rua Gabriel Gomes Barbosa - Bessalândia',NULL,NULL,NULL,'2026-03-29 20:01:40','2026-03-29 20:01:40'),(2,'Sigefredo Bessa','Sigefredo Bessa',NULL,NULL,NULL,'2026-03-29 20:01:40','2026-03-29 20:01:40'),(3,'Julia de Melo','Endereço: Rua prof Julia de Melo - Bessalândia',NULL,NULL,NULL,'2026-03-29 20:01:40','2026-03-29 20:01:40'),(4,'Luciano Rodrigues','Rua Luciano Rodrigues - Rio Novo',NULL,NULL,NULL,'2026-03-29 20:01:40','2026-03-29 20:01:40'),(5,'Damião Coco','Rua Damião Coco, Mataquiri - Cascavel, CE',NULL,NULL,NULL,'2026-03-29 20:01:40','2026-03-29 20:01:40');
/*!40000 ALTER TABLE `imoveis` ENABLE KEYS */;
UNLOCK TABLES;

--
-- Table structure for table `inquilinos`
--

DROP TABLE IF EXISTS `inquilinos`;
/*!40101 SET @saved_cs_client     = @@character_set_client */;
/*!40101 SET character_set_client = utf8mb4 */;
CREATE TABLE `inquilinos` (
  `id` int(11) NOT NULL AUTO_INCREMENT,
  `nome` varchar(255) NOT NULL,
  `telefone` varchar(20) DEFAULT NULL,
  `email` varchar(320) DEFAULT NULL,
  `imovelId` int(11) NOT NULL,
  `numeroCasa` varchar(50) NOT NULL,
  `caucao` decimal(10,2) DEFAULT NULL,
  `aluguelMensal` decimal(10,2) DEFAULT NULL,
  `diaPagamento` varchar(20) DEFAULT NULL,
  `dataEntrada` date DEFAULT NULL,
  `dataSaida` date DEFAULT NULL,
  `ativo` enum('sim','nao') NOT NULL DEFAULT 'sim',
  `createdAt` timestamp NOT NULL DEFAULT current_timestamp(),
  `updatedAt` timestamp NOT NULL DEFAULT current_timestamp() ON UPDATE current_timestamp(),
  PRIMARY KEY (`id`),
  KEY `inquilinos_imovelId_imoveis_id_fk` (`imovelId`),
  CONSTRAINT `inquilinos_imovelId_imoveis_id_fk` FOREIGN KEY (`imovelId`) REFERENCES `imoveis` (`id`) ON DELETE NO ACTION ON UPDATE NO ACTION
) ENGINE=InnoDB AUTO_INCREMENT=72 DEFAULT CHARSET=utf8mb4 COLLATE=utf8mb4_unicode_ci;
/*!40101 SET character_set_client = @saved_cs_client */;

--
-- Dumping data for table `inquilinos`
--

LOCK TABLES `inquilinos` WRITE;
/*!40000 ALTER TABLE `inquilinos` DISABLE KEYS */;
INSERT INTO `inquilinos` VALUES (1,'Emily Vitória dos Santos',NULL,NULL,1,'198',500.00,450.00,'10','2024-07-12','2025-07-12','sim','2026-03-29 20:01:40','2026-03-29 20:01:40'),(2,'Joana Geisa Felipe Mendes',NULL,NULL,1,'210',450.00,450.00,'5','2024-01-05','2025-01-05','sim','2026-03-29 20:01:40','2026-03-29 20:01:40'),(3,'Lucilene Lima Martins',NULL,NULL,1,'217',450.00,479.00,'10','2023-03-09','2025-03-09','sim','2026-03-29 20:01:40','2026-03-29 20:01:40'),(4,'Maria Neci',NULL,NULL,1,'205',500.00,479.00,'30','2023-05-15','2025-12-06','sim','2026-03-29 20:01:40','2026-03-29 20:01:40'),(5,'FRANCISCA PACIFICO',NULL,NULL,1,'204',500.00,450.00,'5','2025-07-21','2028-07-21','sim','2026-03-29 20:01:40','2026-03-29 20:01:40'),(6,'Adones de Oliveira Silva',NULL,NULL,1,'211',500.00,450.00,'15','2025-07-21','2028-07-21','sim','2026-03-29 20:01:40','2026-03-29 20:01:40'),(7,'Antônio José Rodrigues Farias',NULL,NULL,1,'216',500.00,450.00,'10','2024-12-08','2025-12-08','sim','2026-03-29 20:01:40','2026-03-29 20:01:40'),(8,'Anderson Silva Gonçalves',NULL,NULL,1,'192',500.00,450.00,'10','2024-06-11','2025-06-11','sim','2026-03-29 20:01:40','2026-03-29 20:01:40'),(9,'Crislane',NULL,NULL,1,'193',450.00,450.00,'10','2024-11-22','2028-11-22','sim','2026-03-29 20:01:40','2026-03-29 20:01:40'),(10,'Francisco Henrique da Silva',NULL,NULL,1,'210',500.00,450.00,'5','2024-09-27','2028-09-27','sim','2026-03-29 20:01:40','2026-03-29 20:01:40'),(11,'Rayron Oliveira',NULL,NULL,1,'198',500.00,450.00,'10','2025-01-09','2028-01-09','sim','2026-03-29 20:01:40','2026-03-29 20:01:40'),(12,'FELIPE DOS SANTOS JUSTINO',NULL,NULL,1,'217',500.00,500.00,'10','2025-04-12','2028-09-23','sim','2026-03-29 20:01:40','2026-03-29 20:01:40'),(13,'Elisangela SILVA',NULL,NULL,1,'199',1000.00,450.00,'10','2025-09-23','2028-09-23','sim','2026-03-29 20:01:40','2026-03-29 20:01:40'),(14,'barbara',NULL,NULL,1,'192',0.00,450.00,'10','2025-11-27','2028-11-27','sim','2026-03-29 20:01:40','2026-03-29 20:01:40'),(15,'Wanderson',NULL,NULL,1,'210',933.00,450.00,'10','2025-11-17','2028-11-17','sim','2026-03-29 20:01:40','2026-03-29 20:01:40'),(16,'Edineudo de Castro Oliveira',NULL,NULL,2,'121',500.00,532.00,'Dia 16','2022-12-16','2025-12-17','sim','2026-03-29 20:01:40','2026-03-29 20:01:40'),(17,'Francisco Eliano G Cunha',NULL,NULL,2,'145',500.00,532.00,'16','2025-07-21','2028-07-21','sim','2026-03-29 20:01:40','2026-03-29 20:01:40'),(18,'Erberson Pereira Cruz da Silva',NULL,NULL,2,'139',500.00,500.00,'Dia 16','2022-12-16','2025-12-17','sim','2026-03-29 20:01:40','2026-03-29 20:01:40'),(19,'Ana Alice Miranda Ciríaco',NULL,NULL,2,'133',550.00,532.00,'24','2025-07-21','2028-07-21','sim','2026-03-29 20:01:40','2026-03-29 20:01:40'),(20,'Elias Miranda',NULL,NULL,2,'127',600.00,532.00,'10','2025-07-21','2028-07-21','sim','2026-03-29 20:01:40','2026-03-29 20:01:40'),(21,'José Claudeci',NULL,NULL,2,'139',550.00,550.00,'10','2025-02-18','2028-02-18','sim','2026-03-29 20:01:40','2026-03-29 20:01:40'),(22,'Bruna Pereira',NULL,NULL,2,'121',550.00,550.00,'10','2025-05-28','2028-05-28','sim','2026-03-29 20:01:40','2026-03-29 20:01:40'),(23,'Mayane David',NULL,NULL,2,'121',550.00,550.00,'10',NULL,NULL,'sim','2026-03-29 20:01:40','2026-03-29 20:01:40'),(24,'Emily',NULL,NULL,2,'121',550.00,550.00,'10','2025-11-19','2028-11-19','sim','2026-03-29 20:01:40','2026-03-29 20:01:40'),(25,'Charles Farias Siqueira',NULL,NULL,3,'196',600.00,500.00,'Dia 04','2022-02-06','2025-02-06','sim','2026-03-29 20:01:40','2026-03-29 20:01:40'),(26,'Rocilda Martins Rocha',NULL,NULL,3,'214',600.00,532.00,'Dia 11','2021-08-11','2025-01-11','sim','2026-03-29 20:01:40','2026-03-29 20:01:40'),(27,'Angélica Soares do Nascimento',NULL,NULL,3,'208',600.00,532.00,'Dia 15','2023-08-07','2025-08-07','sim','2026-03-29 20:01:40','2026-03-29 20:01:40'),(28,'Gessica Santos Silva',NULL,NULL,3,'202',600.00,532.00,'Dia 10','2023-10-23','2025-10-23','sim','2026-03-29 20:01:40','2026-03-29 20:01:40'),(29,'Francisca Íris',NULL,NULL,3,'190',600.00,532.00,'Dia 20','2024-03-26','2028-03-26','sim','2026-03-29 20:01:40','2026-03-29 20:01:40'),(30,'Fátima',NULL,NULL,3,'196',0.00,550.00,'10',NULL,NULL,'sim','2026-03-29 20:01:40','2026-03-29 20:01:40'),(31,'Aline Ribeiro da Silva',NULL,NULL,4,'846I',600.00,639.00,'Dia 30','2025-07-21','2028-07-21','sim','2026-03-29 20:01:40','2026-03-29 20:01:40'),(32,'Camila Cássia dos Santos',NULL,NULL,4,'864F',450.00,639.00,'Dia 18','2025-07-21','2028-07-21','sim','2026-03-29 20:01:40','2026-03-29 20:01:40'),(33,'Francisca F. Costa Lopes',NULL,NULL,4,'863',600.00,639.00,'Dia 28','2025-07-30','2028-07-30','sim','2026-03-29 20:01:40','2026-03-29 20:01:40'),(34,'Ary da Silva Ferreira (Francisca Jarina)',NULL,NULL,4,'852H',450.00,600.00,'Dia 30','2023-07-19','2024-07-19','sim','2026-03-29 20:01:40','2026-03-29 20:01:40'),(35,'Helio Marques Costa',NULL,NULL,4,'839',600.00,550.00,'Dia 23','2023-08-23','2024-08-23','sim','2026-03-29 20:01:40','2026-03-29 20:01:40'),(36,'Jocineide dos Santos Silva',NULL,NULL,4,'851-C',600.00,639.00,'Dia 20','2025-07-30','2028-07-30','sim','2026-03-29 20:01:40','2026-03-29 20:01:40'),(37,'José Matos Vitoriano Filho',NULL,NULL,4,'839-E',550.00,639.00,'Dia 30','2025-07-30','2028-07-30','sim','2026-03-29 20:01:40','2026-03-29 20:01:40'),(38,'Joziane Henrique da Silva',NULL,NULL,4,'858G',450.00,639.00,'Dia 10','2025-07-30','2028-07-30','sim','2026-03-29 20:01:40','2026-03-29 20:01:40'),(39,'Marcia Paiva do N. Costa',NULL,NULL,4,'845D',450.00,600.00,'Dia 10','2022-09-19','2027-09-19','sim','2026-03-29 20:01:40','2026-03-29 20:01:40'),(40,'Maria Aureni P. Cordeir',NULL,NULL,4,'863',0.00,639.00,'Dia 12','2025-07-30','2028-07-30','sim','2026-03-29 20:01:40','2026-03-29 20:01:40'),(41,'Paulo César Frota',NULL,NULL,4,'858',600.00,550.00,'Dia 05','2024-06-11','2025-06-11','sim','2026-03-29 20:01:40','2026-03-29 20:01:40'),(42,'Francisco Roni (Amanda Pereira)',NULL,NULL,4,'836',600.00,550.00,'Dia 7','2024-07-12','2025-07-12','sim','2026-03-29 20:01:40','2026-03-29 20:01:40'),(43,'Fabiana Reis',NULL,NULL,4,'846',600.00,550.00,'Dia 10','2023-07-25','2025-07-25','sim','2026-03-29 20:01:40','2026-03-29 20:01:40'),(44,'Lia Sousa da Silva',NULL,NULL,4,'845',600.00,550.00,'Dia 5','2023-08-01','2024-08-01','sim','2026-03-29 20:01:40','2026-03-29 20:01:40'),(45,'Carla Correia',NULL,NULL,4,'857',600.00,550.00,'Dia 21','2024-08-20','2025-08-20','sim','2026-03-29 20:01:40','2026-03-29 20:01:40'),(46,'Erica Batista Mauricio',NULL,NULL,4,'857B',700.00,600.00,'Dia 05','2023-01-25','2025-01-25','sim','2026-03-29 20:01:40','2026-03-29 20:01:40'),(47,'José Wanderson',NULL,NULL,4,'852H',700.00,639.00,'Dia 10','2025-07-30','2028-07-30','sim','2026-03-29 20:01:40','2026-03-29 20:01:40'),(48,'Nayane David',NULL,NULL,4,'852',600.00,550.00,'Dia 10','2024-08-07','2025-08-07','sim','2026-03-29 20:01:40','2026-03-29 20:01:40'),(49,'Cleyton Lopes',NULL,NULL,4,'864',600.00,550.00,'Dia 20','2024-03-06','2025-03-06','sim','2026-03-29 20:01:40','2026-03-29 20:01:40'),(50,'José Sérgio',NULL,NULL,4,'864',600.00,550.00,'Dia 20','2024-06-20','2025-06-20','sim','2026-03-29 20:01:40','2026-03-29 20:01:40'),(51,'Veronica Maria de Lima',NULL,NULL,4,'845',600.00,550.00,'Dia 10','2024-07-01','2025-01-01','sim','2026-03-29 20:01:40','2026-03-29 20:01:40'),(52,'Helton Melo de Castro',NULL,NULL,4,'858',1100.00,550.00,'Dia 10','2024-11-28','2027-11-28','sim','2026-03-29 20:01:40','2026-03-29 20:01:40'),(53,'Fabiano do Nascimento Bezerra',NULL,NULL,4,'851',600.00,550.00,'Dia 10','2024-07-23','2025-07-23','sim','2026-03-29 20:01:40','2026-03-29 20:01:40'),(54,'Edina Soares',NULL,NULL,4,'836',600.00,550.00,'Dia 10','2024-11-06','2025-11-06','sim','2026-03-29 20:01:40','2026-03-29 20:01:40'),(55,'Francisca Altanades',NULL,NULL,4,'845',600.00,550.00,'Dia 10','2024-11-06','2025-11-06','sim','2026-03-29 20:01:40','2026-03-29 20:01:40'),(56,'Marta Maria',NULL,NULL,4,'839',600.00,550.00,'Dia 10','2024-10-14','2027-10-14','sim','2026-03-29 20:01:40','2026-03-29 20:01:40'),(57,'Wercules',NULL,NULL,4,'857B',1300.00,650.00,'10','2025-04-08','2028-04-08','sim','2026-03-29 20:01:40','2026-03-29 20:01:40'),(58,'Dayane Avelino',NULL,NULL,4,'857',1200.00,600.00,'Dia 10','2025-03-07','2028-03-07','sim','2026-03-29 20:01:40','2026-03-29 20:01:40'),(59,'Lia Sousa',NULL,NULL,4,'836A',0.00,600.00,'Dia 10',NULL,NULL,'sim','2026-03-29 20:01:40','2026-03-29 20:01:40'),(60,'Ana Cristina Maciel',NULL,NULL,4,'858',0.00,600.00,'10','2023-07-25','2028-07-30','sim','2026-03-29 20:01:40','2026-03-29 20:01:40'),(61,'André Messias',NULL,NULL,4,'857B',550.00,650.00,'30','2025-02-25','2028-02-25','sim','2026-03-29 20:01:40','2026-03-29 20:01:40'),(62,'Vladia',NULL,NULL,4,'836',0.00,600.00,'28','2025-07-12','2028-07-12','sim','2026-03-29 20:01:40','2026-03-29 20:01:40'),(63,'Isabella Yasmin',NULL,NULL,4,'839',0.00,0.00,'nan','2025-06-27','2026-06-27','sim','2026-03-29 20:01:40','2026-03-29 20:01:40'),(64,'Monize',NULL,NULL,4,'839',0.00,600.00,'10',NULL,NULL,'sim','2026-03-29 20:01:40','2026-03-29 20:01:40'),(65,'Ana Valeska',NULL,NULL,4,'836',0.00,600.00,'15','2025-10-20',NULL,'sim','2026-03-29 20:01:40','2026-03-29 20:01:40'),(66,'Helayne',NULL,NULL,4,'852',0.00,600.00,'10','2025-10-20',NULL,'sim','2026-03-29 20:01:40','2026-03-29 20:01:40'),(67,'Bruno Kern',NULL,NULL,4,'851',600.00,600.00,'Dia 10','2025-10-23','2028-10-23','sim','2026-03-29 20:01:40','2026-03-29 20:01:40'),(68,'Francisca Gabriela',NULL,NULL,4,'857',600.00,600.00,'10',NULL,NULL,'sim','2026-03-29 20:01:40','2026-03-29 20:01:40'),(69,'Antonia natercia',NULL,NULL,4,'857b',600.00,0.00,'nan',NULL,NULL,'sim','2026-03-29 20:01:40','2026-03-29 20:01:40'),(70,'Naun da Silva Andrade',NULL,NULL,5,'1976B',600.00,600.00,'Dia 20','2024-05-20','2025-05-20','sim','2026-03-29 20:01:40','2026-03-29 20:01:40'),(71,'Nadir Bezerra Sales',NULL,NULL,5,'1976B',700.00,650.00,'10','2025-01-13','2028-01-13','sim','2026-03-29 20:01:40','2026-03-29 20:01:40');
/*!40000 ALTER TABLE `inquilinos` ENABLE KEYS */;
UNLOCK TABLES;

--
-- Table structure for table `pagamentos`
--

DROP TABLE IF EXISTS `pagamentos`;
/*!40101 SET @saved_cs_client     = @@character_set_client */;
/*!40101 SET character_set_client = utf8mb4 */;
CREATE TABLE `pagamentos` (
  `id` int(11) NOT NULL AUTO_INCREMENT,
  `inquilinoId` int(11) NOT NULL,
  `ano` int(11) NOT NULL,
  `mes` int(11) NOT NULL,
  `status` enum('pago','nao_pago','caucao','pendente') NOT NULL DEFAULT 'pendente',
  `dataPagamento` date DEFAULT NULL,
  `observacao` text DEFAULT NULL,
  `createdAt` timestamp NOT NULL DEFAULT current_timestamp(),
  `updatedAt` timestamp NOT NULL DEFAULT current_timestamp() ON UPDATE current_timestamp(),
  PRIMARY KEY (`id`),
  KEY `pagamentos_inquilinoId_inquilinos_id_fk` (`inquilinoId`),
  CONSTRAINT `pagamentos_inquilinoId_inquilinos_id_fk` FOREIGN KEY (`inquilinoId`) REFERENCES `inquilinos` (`id`) ON DELETE NO ACTION ON UPDATE NO ACTION
) ENGINE=InnoDB AUTO_INCREMENT=553 DEFAULT CHARSET=utf8mb4 COLLATE=utf8mb4_unicode_ci;
/*!40101 SET character_set_client = @saved_cs_client */;

--
-- Dumping data for table `pagamentos`
--

LOCK TABLES `pagamentos` WRITE;
/*!40000 ALTER TABLE `pagamentos` DISABLE KEYS */;
INSERT INTO `pagamentos` VALUES (1,4,2025,1,'pago',NULL,NULL,'2026-03-29 20:01:40','2026-03-29 20:01:40'),(2,4,2025,2,'pago',NULL,NULL,'2026-03-29 20:01:40','2026-03-29 20:01:40'),(3,4,2025,3,'pago',NULL,NULL,'2026-03-29 20:01:40','2026-03-29 20:01:40'),(4,4,2025,4,'pago',NULL,NULL,'2026-03-29 20:01:40','2026-03-29 20:01:40'),(5,4,2025,5,'pago',NULL,NULL,'2026-03-29 20:01:40','2026-03-29 20:01:40'),(6,4,2025,6,'pago',NULL,NULL,'2026-03-29 20:01:40','2026-03-29 20:01:40'),(7,4,2025,7,'pago',NULL,NULL,'2026-03-29 20:01:40','2026-03-29 20:01:40'),(8,4,2025,8,'pago',NULL,NULL,'2026-03-29 20:01:40','2026-03-29 20:01:40'),(9,4,2025,9,'pago',NULL,NULL,'2026-03-29 20:01:40','2026-03-29 20:01:40'),(10,4,2025,10,'pago',NULL,NULL,'2026-03-29 20:01:40','2026-03-29 20:01:40'),(11,4,2025,11,'pago',NULL,NULL,'2026-03-29 20:01:40','2026-03-29 20:01:40'),(12,4,2025,12,'pago',NULL,NULL,'2026-03-29 20:01:40','2026-03-29 20:01:40'),(13,5,2025,1,'pago',NULL,NULL,'2026-03-29 20:01:40','2026-03-29 20:01:40'),(14,5,2025,2,'pago',NULL,NULL,'2026-03-29 20:01:40','2026-03-29 20:01:40'),(15,5,2025,3,'pago',NULL,NULL,'2026-03-29 20:01:40','2026-03-29 20:01:40'),(16,5,2025,4,'pago',NULL,NULL,'2026-03-29 20:01:40','2026-03-29 20:01:40'),(17,5,2025,5,'pago',NULL,NULL,'2026-03-29 20:01:40','2026-03-29 20:01:40'),(18,5,2025,6,'pago',NULL,NULL,'2026-03-29 20:01:40','2026-03-29 20:01:40'),(19,5,2025,7,'pago',NULL,NULL,'2026-03-29 20:01:40','2026-03-29 20:01:40'),(20,5,2025,8,'pago',NULL,NULL,'2026-03-29 20:01:40','2026-03-29 20:01:40'),(21,5,2025,9,'pago',NULL,NULL,'2026-03-29 20:01:40','2026-03-29 20:01:40'),(22,5,2025,10,'pago',NULL,NULL,'2026-03-29 20:01:40','2026-03-29 20:01:40'),(23,5,2025,11,'pago',NULL,NULL,'2026-03-29 20:01:40','2026-03-29 20:01:40'),(24,5,2025,12,'pago',NULL,NULL,'2026-03-29 20:01:40','2026-03-29 20:01:40'),(25,6,2025,1,'pago',NULL,NULL,'2026-03-29 20:01:40','2026-03-29 20:01:40'),(26,6,2025,2,'pago',NULL,NULL,'2026-03-29 20:01:40','2026-03-29 20:01:40'),(27,6,2025,3,'pago',NULL,NULL,'2026-03-29 20:01:40','2026-03-29 20:01:40'),(28,6,2025,4,'pago',NULL,NULL,'2026-03-29 20:01:40','2026-03-29 20:01:40'),(29,6,2025,5,'pago',NULL,NULL,'2026-03-29 20:01:40','2026-03-29 20:01:40'),(30,6,2025,6,'pago',NULL,NULL,'2026-03-29 20:01:40','2026-03-29 20:01:40'),(31,6,2025,7,'pago',NULL,NULL,'2026-03-29 20:01:40','2026-03-29 20:01:40'),(32,6,2025,8,'pago',NULL,NULL,'2026-03-29 20:01:40','2026-03-29 20:01:40'),(33,6,2025,9,'pago',NULL,NULL,'2026-03-29 20:01:40','2026-03-29 20:01:40'),(34,6,2025,10,'pago',NULL,NULL,'2026-03-29 20:01:40','2026-03-29 20:01:40'),(35,6,2025,11,'pago',NULL,NULL,'2026-03-29 20:01:40','2026-03-29 20:01:40'),(36,6,2025,12,'pago',NULL,NULL,'2026-03-29 20:01:40','2026-03-29 20:01:40'),(37,7,2025,1,'pago',NULL,NULL,'2026-03-29 20:01:40','2026-03-29 20:01:40'),(38,7,2025,2,'pago',NULL,NULL,'2026-03-29 20:01:40','2026-03-29 20:01:40'),(39,7,2025,3,'pago',NULL,NULL,'2026-03-29 20:01:40','2026-03-29 20:01:40'),(40,7,2025,4,'pago',NULL,NULL,'2026-03-29 20:01:40','2026-03-29 20:01:40'),(41,7,2025,5,'pago',NULL,NULL,'2026-03-29 20:01:40','2026-03-29 20:01:40'),(42,7,2025,6,'pago',NULL,NULL,'2026-03-29 20:01:40','2026-03-29 20:01:40'),(43,7,2025,7,'pago',NULL,NULL,'2026-03-29 20:01:40','2026-03-29 20:01:40'),(44,7,2025,8,'pago',NULL,NULL,'2026-03-29 20:01:40','2026-03-29 20:01:40'),(45,7,2025,9,'pago',NULL,NULL,'2026-03-29 20:01:40','2026-03-29 20:01:40'),(46,7,2025,10,'pago',NULL,NULL,'2026-03-29 20:01:40','2026-03-29 20:01:40'),(47,7,2025,11,'pago',NULL,NULL,'2026-03-29 20:01:40','2026-03-29 20:01:40'),(48,7,2025,12,'pago',NULL,NULL,'2026-03-29 20:01:40','2026-03-29 20:01:40'),(49,8,2025,1,'pago',NULL,NULL,'2026-03-29 20:01:40','2026-03-29 20:01:40'),(50,8,2025,2,'pago',NULL,NULL,'2026-03-29 20:01:40','2026-03-29 20:01:40'),(51,8,2025,3,'pago',NULL,NULL,'2026-03-29 20:01:40','2026-03-29 20:01:40'),(52,8,2025,4,'pago',NULL,NULL,'2026-03-29 20:01:40','2026-03-29 20:01:40'),(53,8,2025,5,'pago',NULL,NULL,'2026-03-29 20:01:40','2026-03-29 20:01:40'),(54,8,2025,6,'pago',NULL,NULL,'2026-03-29 20:01:40','2026-03-29 20:01:40'),(55,8,2025,7,'pendente',NULL,NULL,'2026-03-29 20:01:40','2026-03-29 20:01:40'),(56,9,2025,1,'pago',NULL,NULL,'2026-03-29 20:01:40','2026-03-29 20:01:40'),(57,9,2025,2,'pago',NULL,NULL,'2026-03-29 20:01:40','2026-03-29 20:01:40'),(58,9,2025,3,'pago',NULL,NULL,'2026-03-29 20:01:40','2026-03-29 20:01:40'),(59,9,2025,4,'pago',NULL,NULL,'2026-03-29 20:01:40','2026-03-29 20:01:40'),(60,9,2025,5,'pago',NULL,NULL,'2026-03-29 20:01:40','2026-03-29 20:01:40'),(61,9,2025,6,'pago',NULL,NULL,'2026-03-29 20:01:40','2026-03-29 20:01:40'),(62,9,2025,7,'pago',NULL,NULL,'2026-03-29 20:01:40','2026-03-29 20:01:40'),(63,9,2025,8,'pago',NULL,NULL,'2026-03-29 20:01:40','2026-03-29 20:01:40'),(64,9,2025,9,'pago',NULL,NULL,'2026-03-29 20:01:40','2026-03-29 20:01:40'),(65,9,2025,10,'pago',NULL,NULL,'2026-03-29 20:01:40','2026-03-29 20:01:40'),(66,9,2025,11,'pago',NULL,NULL,'2026-03-29 20:01:40','2026-03-29 20:01:40'),(67,9,2025,12,'pago',NULL,NULL,'2026-03-29 20:01:40','2026-03-29 20:01:40'),(68,10,2025,1,'pago',NULL,NULL,'2026-03-29 20:01:40','2026-03-29 20:01:40'),(69,10,2025,2,'pago',NULL,NULL,'2026-03-29 20:01:40','2026-03-29 20:01:40'),(70,10,2025,3,'pago',NULL,NULL,'2026-03-29 20:01:40','2026-03-29 20:01:40'),(71,10,2025,4,'pago',NULL,NULL,'2026-03-29 20:01:40','2026-03-29 20:01:40'),(72,10,2025,5,'pago',NULL,NULL,'2026-03-29 20:01:40','2026-03-29 20:01:40'),(73,10,2025,6,'pago',NULL,NULL,'2026-03-29 20:01:40','2026-03-29 20:01:40'),(74,10,2025,7,'pago',NULL,NULL,'2026-03-29 20:01:40','2026-03-29 20:01:40'),(75,10,2025,8,'pago',NULL,NULL,'2026-03-29 20:01:40','2026-03-29 20:01:40'),(76,11,2025,1,'caucao',NULL,NULL,'2026-03-29 20:01:40','2026-03-29 20:01:40'),(77,11,2025,2,'pago',NULL,NULL,'2026-03-29 20:01:40','2026-03-29 20:01:40'),(78,11,2025,3,'pago',NULL,NULL,'2026-03-29 20:01:40','2026-03-29 20:01:40'),(79,11,2025,4,'pago',NULL,NULL,'2026-03-29 20:01:40','2026-03-29 20:01:40'),(80,11,2025,5,'pago',NULL,NULL,'2026-03-29 20:01:40','2026-03-29 20:01:40'),(81,11,2025,6,'pago',NULL,NULL,'2026-03-29 20:01:40','2026-03-29 20:01:40'),(82,11,2025,7,'pago',NULL,NULL,'2026-03-29 20:01:40','2026-03-29 20:01:40'),(83,11,2025,8,'pago',NULL,NULL,'2026-03-29 20:01:40','2026-03-29 20:01:40'),(84,11,2025,9,'pago',NULL,NULL,'2026-03-29 20:01:40','2026-03-29 20:01:40'),(85,11,2025,10,'pago',NULL,NULL,'2026-03-29 20:01:40','2026-03-29 20:01:40'),(86,11,2025,11,'pago',NULL,NULL,'2026-03-29 20:01:40','2026-03-29 20:01:40'),(87,11,2025,12,'pago',NULL,NULL,'2026-03-29 20:01:40','2026-03-29 20:01:40'),(88,12,2025,4,'caucao',NULL,NULL,'2026-03-29 20:01:40','2026-03-29 20:01:40'),(89,12,2025,5,'pago',NULL,NULL,'2026-03-29 20:01:40','2026-03-29 20:01:40'),(90,12,2025,6,'pago',NULL,NULL,'2026-03-29 20:01:40','2026-03-29 20:01:40'),(91,12,2025,7,'pago',NULL,NULL,'2026-03-29 20:01:40','2026-03-29 20:01:40'),(92,12,2025,8,'pago',NULL,NULL,'2026-03-29 20:01:40','2026-03-29 20:01:40'),(93,12,2025,9,'pago',NULL,NULL,'2026-03-29 20:01:40','2026-03-29 20:01:40'),(94,12,2025,10,'pago',NULL,NULL,'2026-03-29 20:01:40','2026-03-29 20:01:40'),(95,12,2025,11,'pago',NULL,NULL,'2026-03-29 20:01:40','2026-03-29 20:01:40'),(96,12,2025,12,'pago',NULL,NULL,'2026-03-29 20:01:40','2026-03-29 20:01:40'),(97,13,2025,9,'caucao',NULL,NULL,'2026-03-29 20:01:40','2026-03-29 20:01:40'),(98,13,2025,10,'pago',NULL,NULL,'2026-03-29 20:01:40','2026-03-29 20:01:40'),(99,13,2025,11,'pago',NULL,NULL,'2026-03-29 20:01:40','2026-03-29 20:01:40'),(100,13,2025,12,'pago',NULL,NULL,'2026-03-29 20:01:40','2026-03-29 20:01:40'),(101,14,2025,10,'caucao',NULL,NULL,'2026-03-29 20:01:40','2026-03-29 20:01:40'),(102,14,2025,11,'pago',NULL,NULL,'2026-03-29 20:01:40','2026-03-29 20:01:40'),(103,14,2025,12,'pago',NULL,NULL,'2026-03-29 20:01:40','2026-03-29 20:01:40'),(104,16,2025,1,'pago',NULL,NULL,'2026-03-29 20:01:40','2026-03-29 20:01:40'),(105,17,2025,1,'pago',NULL,NULL,'2026-03-29 20:01:40','2026-03-29 20:01:40'),(106,17,2025,2,'pago',NULL,NULL,'2026-03-29 20:01:40','2026-03-29 20:01:40'),(107,17,2025,3,'pago',NULL,NULL,'2026-03-29 20:01:40','2026-03-29 20:01:40'),(108,17,2025,4,'pago',NULL,NULL,'2026-03-29 20:01:40','2026-03-29 20:01:40'),(109,17,2025,5,'pago',NULL,NULL,'2026-03-29 20:01:40','2026-03-29 20:01:40'),(110,17,2025,6,'pago',NULL,NULL,'2026-03-29 20:01:40','2026-03-29 20:01:40'),(111,17,2025,7,'pago',NULL,NULL,'2026-03-29 20:01:40','2026-03-29 20:01:40'),(112,17,2025,8,'pago',NULL,NULL,'2026-03-29 20:01:40','2026-03-29 20:01:40'),(113,17,2025,9,'pago',NULL,NULL,'2026-03-29 20:01:40','2026-03-29 20:01:40'),(114,17,2025,10,'pago',NULL,NULL,'2026-03-29 20:01:40','2026-03-29 20:01:40'),(115,17,2025,11,'pago',NULL,NULL,'2026-03-29 20:01:40','2026-03-29 20:01:40'),(116,17,2025,12,'pago',NULL,NULL,'2026-03-29 20:01:40','2026-03-29 20:01:40'),(117,18,2025,1,'pago',NULL,NULL,'2026-03-29 20:01:40','2026-03-29 20:01:40'),(118,18,2025,2,'pago',NULL,NULL,'2026-03-29 20:01:40','2026-03-29 20:01:40'),(119,18,2025,3,'pago',NULL,NULL,'2026-03-29 20:01:40','2026-03-29 20:01:40'),(120,18,2025,4,'pago',NULL,NULL,'2026-03-29 20:01:40','2026-03-29 20:01:40'),(121,18,2025,5,'pago',NULL,NULL,'2026-03-29 20:01:40','2026-03-29 20:01:40'),(122,18,2025,6,'pago',NULL,NULL,'2026-03-29 20:01:40','2026-03-29 20:01:40'),(123,18,2025,7,'pago',NULL,NULL,'2026-03-29 20:01:40','2026-03-29 20:01:40'),(124,18,2025,8,'pago',NULL,NULL,'2026-03-29 20:01:40','2026-03-29 20:01:40'),(125,19,2025,1,'pago',NULL,NULL,'2026-03-29 20:01:40','2026-03-29 20:01:40'),(126,19,2025,2,'pago',NULL,NULL,'2026-03-29 20:01:40','2026-03-29 20:01:40'),(127,19,2025,3,'pago',NULL,NULL,'2026-03-29 20:01:40','2026-03-29 20:01:40'),(128,19,2025,4,'pago',NULL,NULL,'2026-03-29 20:01:40','2026-03-29 20:01:40'),(129,19,2025,5,'pago',NULL,NULL,'2026-03-29 20:01:40','2026-03-29 20:01:40'),(130,19,2025,6,'pago',NULL,NULL,'2026-03-29 20:01:40','2026-03-29 20:01:40'),(131,19,2025,7,'pago',NULL,NULL,'2026-03-29 20:01:40','2026-03-29 20:01:40'),(132,19,2025,8,'pago',NULL,NULL,'2026-03-29 20:01:40','2026-03-29 20:01:40'),(133,19,2025,9,'pago',NULL,NULL,'2026-03-29 20:01:40','2026-03-29 20:01:40'),(134,19,2025,10,'pago',NULL,NULL,'2026-03-29 20:01:40','2026-03-29 20:01:40'),(135,19,2025,11,'pago',NULL,NULL,'2026-03-29 20:01:40','2026-03-29 20:01:40'),(136,19,2025,12,'pago',NULL,NULL,'2026-03-29 20:01:40','2026-03-29 20:01:40'),(137,20,2025,1,'pago',NULL,NULL,'2026-03-29 20:01:40','2026-03-29 20:01:40'),(138,20,2025,2,'pago',NULL,NULL,'2026-03-29 20:01:40','2026-03-29 20:01:40'),(139,20,2025,3,'pago',NULL,NULL,'2026-03-29 20:01:40','2026-03-29 20:01:40'),(140,20,2025,4,'pago',NULL,NULL,'2026-03-29 20:01:40','2026-03-29 20:01:40'),(141,20,2025,5,'pago',NULL,NULL,'2026-03-29 20:01:40','2026-03-29 20:01:40'),(142,20,2025,6,'pago',NULL,NULL,'2026-03-29 20:01:40','2026-03-29 20:01:40'),(143,20,2025,7,'pago',NULL,NULL,'2026-03-29 20:01:40','2026-03-29 20:01:40'),(144,20,2025,8,'pago',NULL,NULL,'2026-03-29 20:01:40','2026-03-29 20:01:40'),(145,20,2025,9,'pago',NULL,NULL,'2026-03-29 20:01:40','2026-03-29 20:01:40'),(146,20,2025,10,'pago',NULL,NULL,'2026-03-29 20:01:40','2026-03-29 20:01:40'),(147,20,2025,11,'pago',NULL,NULL,'2026-03-29 20:01:40','2026-03-29 20:01:40'),(148,20,2025,12,'pago',NULL,NULL,'2026-03-29 20:01:40','2026-03-29 20:01:40'),(149,21,2025,1,'caucao',NULL,NULL,'2026-03-29 20:01:40','2026-03-29 20:01:40'),(150,21,2025,2,'pago',NULL,NULL,'2026-03-29 20:01:40','2026-03-29 20:01:40'),(151,21,2025,3,'pago',NULL,NULL,'2026-03-29 20:01:40','2026-03-29 20:01:40'),(152,21,2025,4,'pago',NULL,NULL,'2026-03-29 20:01:40','2026-03-29 20:01:40'),(153,21,2025,5,'pago',NULL,NULL,'2026-03-29 20:01:40','2026-03-29 20:01:40'),(154,21,2025,6,'pago',NULL,NULL,'2026-03-29 20:01:40','2026-03-29 20:01:40'),(155,21,2025,7,'pago',NULL,NULL,'2026-03-29 20:01:40','2026-03-29 20:01:40'),(156,21,2025,8,'pago',NULL,NULL,'2026-03-29 20:01:40','2026-03-29 20:01:40'),(157,21,2025,9,'pago',NULL,NULL,'2026-03-29 20:01:40','2026-03-29 20:01:40'),(158,21,2025,10,'pago',NULL,NULL,'2026-03-29 20:01:40','2026-03-29 20:01:40'),(159,21,2025,11,'pago',NULL,NULL,'2026-03-29 20:01:40','2026-03-29 20:01:40'),(160,21,2025,12,'pago',NULL,NULL,'2026-03-29 20:01:40','2026-03-29 20:01:40'),(161,22,2025,5,'caucao',NULL,NULL,'2026-03-29 20:01:40','2026-03-29 20:01:40'),(162,22,2025,6,'pago',NULL,NULL,'2026-03-29 20:01:40','2026-03-29 20:01:40'),(163,22,2025,7,'pendente',NULL,NULL,'2026-03-29 20:01:40','2026-03-29 20:01:40'),(164,23,2025,1,'pago',NULL,NULL,'2026-03-29 20:01:40','2026-03-29 20:01:40'),(165,23,2025,2,'pago',NULL,NULL,'2026-03-29 20:01:40','2026-03-29 20:01:40'),(166,23,2025,3,'pago',NULL,NULL,'2026-03-29 20:01:40','2026-03-29 20:01:40'),(167,23,2025,4,'pago',NULL,NULL,'2026-03-29 20:01:40','2026-03-29 20:01:40'),(168,23,2025,5,'pago',NULL,NULL,'2026-03-29 20:01:40','2026-03-29 20:01:40'),(169,23,2025,6,'pago',NULL,NULL,'2026-03-29 20:01:40','2026-03-29 20:01:40'),(170,23,2025,7,'pago',NULL,NULL,'2026-03-29 20:01:40','2026-03-29 20:01:40'),(171,23,2025,8,'pago',NULL,NULL,'2026-03-29 20:01:40','2026-03-29 20:01:40'),(172,23,2025,9,'pendente',NULL,NULL,'2026-03-29 20:01:40','2026-03-29 20:01:40'),(173,24,2025,12,'caucao',NULL,NULL,'2026-03-29 20:01:40','2026-03-29 20:01:40'),(174,25,2025,1,'pago',NULL,NULL,'2026-03-29 20:01:40','2026-03-29 20:01:40'),(175,25,2025,2,'pago',NULL,NULL,'2026-03-29 20:01:40','2026-03-29 20:01:40'),(176,26,2025,1,'pago',NULL,NULL,'2026-03-29 20:01:40','2026-03-29 20:01:40'),(177,26,2025,2,'pago',NULL,NULL,'2026-03-29 20:01:40','2026-03-29 20:01:40'),(178,26,2025,3,'pago',NULL,NULL,'2026-03-29 20:01:40','2026-03-29 20:01:40'),(179,26,2025,4,'pago',NULL,NULL,'2026-03-29 20:01:40','2026-03-29 20:01:40'),(180,26,2025,5,'pago',NULL,NULL,'2026-03-29 20:01:40','2026-03-29 20:01:40'),(181,26,2025,6,'pago',NULL,NULL,'2026-03-29 20:01:40','2026-03-29 20:01:40'),(182,26,2025,7,'pago',NULL,NULL,'2026-03-29 20:01:40','2026-03-29 20:01:40'),(183,26,2025,8,'pago',NULL,NULL,'2026-03-29 20:01:40','2026-03-29 20:01:40'),(184,26,2025,9,'pago',NULL,NULL,'2026-03-29 20:01:40','2026-03-29 20:01:40'),(185,26,2025,10,'pago',NULL,NULL,'2026-03-29 20:01:40','2026-03-29 20:01:40'),(186,26,2025,11,'pago',NULL,NULL,'2026-03-29 20:01:40','2026-03-29 20:01:40'),(187,26,2025,12,'pago',NULL,NULL,'2026-03-29 20:01:40','2026-03-29 20:01:40'),(188,27,2025,1,'pago',NULL,NULL,'2026-03-29 20:01:40','2026-03-29 20:01:40'),(189,27,2025,2,'pago',NULL,NULL,'2026-03-29 20:01:40','2026-03-29 20:01:40'),(190,27,2025,3,'pago',NULL,NULL,'2026-03-29 20:01:40','2026-03-29 20:01:40'),(191,27,2025,4,'pago',NULL,NULL,'2026-03-29 20:01:40','2026-03-29 20:01:40'),(192,27,2025,5,'pago',NULL,NULL,'2026-03-29 20:01:40','2026-03-29 20:01:40'),(193,27,2025,6,'pago',NULL,NULL,'2026-03-29 20:01:40','2026-03-29 20:01:40'),(194,27,2025,7,'pago',NULL,NULL,'2026-03-29 20:01:40','2026-03-29 20:01:40'),(195,27,2025,8,'pago',NULL,NULL,'2026-03-29 20:01:40','2026-03-29 20:01:40'),(196,27,2025,9,'pago',NULL,NULL,'2026-03-29 20:01:40','2026-03-29 20:01:40'),(197,27,2025,10,'pago',NULL,NULL,'2026-03-29 20:01:40','2026-03-29 20:01:40'),(198,27,2025,11,'pago',NULL,NULL,'2026-03-29 20:01:40','2026-03-29 20:01:40'),(199,27,2025,12,'pago',NULL,NULL,'2026-03-29 20:01:40','2026-03-29 20:01:40'),(200,28,2025,1,'pago',NULL,NULL,'2026-03-29 20:01:40','2026-03-29 20:01:40'),(201,28,2025,2,'pago',NULL,NULL,'2026-03-29 20:01:40','2026-03-29 20:01:40'),(202,28,2025,3,'pago',NULL,NULL,'2026-03-29 20:01:40','2026-03-29 20:01:40'),(203,28,2025,4,'pago',NULL,NULL,'2026-03-29 20:01:40','2026-03-29 20:01:40'),(204,28,2025,5,'pago',NULL,NULL,'2026-03-29 20:01:40','2026-03-29 20:01:40'),(205,28,2025,6,'pago',NULL,NULL,'2026-03-29 20:01:40','2026-03-29 20:01:40'),(206,28,2025,7,'pago',NULL,NULL,'2026-03-29 20:01:40','2026-03-29 20:01:40'),(207,28,2025,8,'pago',NULL,NULL,'2026-03-29 20:01:40','2026-03-29 20:01:40'),(208,28,2025,9,'pago',NULL,NULL,'2026-03-29 20:01:40','2026-03-29 20:01:40'),(209,28,2025,10,'pago',NULL,NULL,'2026-03-29 20:01:40','2026-03-29 20:01:40'),(210,28,2025,11,'pago',NULL,NULL,'2026-03-29 20:01:40','2026-03-29 20:01:40'),(211,28,2025,12,'pago',NULL,NULL,'2026-03-29 20:01:40','2026-03-29 20:01:40'),(212,29,2025,1,'pago',NULL,NULL,'2026-03-29 20:01:40','2026-03-29 20:01:40'),(213,29,2025,2,'pago',NULL,NULL,'2026-03-29 20:01:40','2026-03-29 20:01:40'),(214,29,2025,3,'pago',NULL,NULL,'2026-03-29 20:01:40','2026-03-29 20:01:40'),(215,29,2025,4,'pago',NULL,NULL,'2026-03-29 20:01:40','2026-03-29 20:01:40'),(216,29,2025,5,'pago',NULL,NULL,'2026-03-29 20:01:40','2026-03-29 20:01:40'),(217,29,2025,6,'pago',NULL,NULL,'2026-03-29 20:01:40','2026-03-29 20:01:40'),(218,29,2025,7,'pago',NULL,NULL,'2026-03-29 20:01:40','2026-03-29 20:01:40'),(219,29,2025,8,'pago',NULL,NULL,'2026-03-29 20:01:40','2026-03-29 20:01:40'),(220,29,2025,9,'pago',NULL,NULL,'2026-03-29 20:01:40','2026-03-29 20:01:40'),(221,29,2025,10,'pago',NULL,NULL,'2026-03-29 20:01:40','2026-03-29 20:01:40'),(222,29,2025,11,'pago',NULL,NULL,'2026-03-29 20:01:40','2026-03-29 20:01:40'),(223,29,2025,12,'pago',NULL,NULL,'2026-03-29 20:01:40','2026-03-29 20:01:40'),(224,30,2025,7,'pago',NULL,NULL,'2026-03-29 20:01:40','2026-03-29 20:01:40'),(225,30,2025,8,'pago',NULL,NULL,'2026-03-29 20:01:40','2026-03-29 20:01:40'),(226,30,2025,9,'pago',NULL,NULL,'2026-03-29 20:01:40','2026-03-29 20:01:40'),(227,30,2025,10,'pago',NULL,NULL,'2026-03-29 20:01:40','2026-03-29 20:01:40'),(228,30,2025,11,'pago',NULL,NULL,'2026-03-29 20:01:40','2026-03-29 20:01:40'),(229,30,2025,12,'pago',NULL,NULL,'2026-03-29 20:01:40','2026-03-29 20:01:40'),(230,31,2025,1,'pago',NULL,NULL,'2026-03-29 20:01:40','2026-03-29 20:01:40'),(231,31,2025,2,'pago',NULL,NULL,'2026-03-29 20:01:40','2026-03-29 20:01:40'),(232,31,2025,3,'pago',NULL,NULL,'2026-03-29 20:01:40','2026-03-29 20:01:40'),(233,31,2025,4,'pago',NULL,NULL,'2026-03-29 20:01:40','2026-03-29 20:01:40'),(234,31,2025,5,'pago',NULL,NULL,'2026-03-29 20:01:40','2026-03-29 20:01:40'),(235,31,2025,6,'pago',NULL,NULL,'2026-03-29 20:01:40','2026-03-29 20:01:40'),(236,31,2025,7,'pago',NULL,NULL,'2026-03-29 20:01:40','2026-03-29 20:01:40'),(237,31,2025,8,'pago',NULL,NULL,'2026-03-29 20:01:40','2026-03-29 20:01:40'),(238,31,2025,9,'pago',NULL,NULL,'2026-03-29 20:01:40','2026-03-29 20:01:40'),(239,31,2025,10,'pago',NULL,NULL,'2026-03-29 20:01:40','2026-03-29 20:01:40'),(240,31,2025,11,'pago',NULL,NULL,'2026-03-29 20:01:40','2026-03-29 20:01:40'),(241,31,2025,12,'pago',NULL,NULL,'2026-03-29 20:01:40','2026-03-29 20:01:40'),(242,32,2025,1,'pago',NULL,NULL,'2026-03-29 20:01:40','2026-03-29 20:01:40'),(243,32,2025,2,'pago',NULL,NULL,'2026-03-29 20:01:40','2026-03-29 20:01:40'),(244,32,2025,3,'pago',NULL,NULL,'2026-03-29 20:01:40','2026-03-29 20:01:40'),(245,32,2025,4,'pago',NULL,NULL,'2026-03-29 20:01:40','2026-03-29 20:01:40'),(246,32,2025,5,'pago',NULL,NULL,'2026-03-29 20:01:40','2026-03-29 20:01:40'),(247,32,2025,6,'pago',NULL,NULL,'2026-03-29 20:01:40','2026-03-29 20:01:40'),(248,32,2025,7,'pago',NULL,NULL,'2026-03-29 20:01:40','2026-03-29 20:01:40'),(249,32,2025,8,'pago',NULL,NULL,'2026-03-29 20:01:40','2026-03-29 20:01:40'),(250,32,2025,9,'pago',NULL,NULL,'2026-03-29 20:01:40','2026-03-29 20:01:40'),(251,32,2025,10,'pago',NULL,NULL,'2026-03-29 20:01:40','2026-03-29 20:01:40'),(252,32,2025,11,'pago',NULL,NULL,'2026-03-29 20:01:40','2026-03-29 20:01:40'),(253,32,2025,12,'pago',NULL,NULL,'2026-03-29 20:01:40','2026-03-29 20:01:40'),(254,33,2025,1,'pago',NULL,NULL,'2026-03-29 20:01:40','2026-03-29 20:01:40'),(255,33,2025,2,'pago',NULL,NULL,'2026-03-29 20:01:40','2026-03-29 20:01:40'),(256,33,2025,3,'pago',NULL,NULL,'2026-03-29 20:01:40','2026-03-29 20:01:40'),(257,33,2025,4,'pago',NULL,NULL,'2026-03-29 20:01:40','2026-03-29 20:01:40'),(258,33,2025,5,'pago',NULL,NULL,'2026-03-29 20:01:40','2026-03-29 20:01:40'),(259,33,2025,6,'pago',NULL,NULL,'2026-03-29 20:01:40','2026-03-29 20:01:40'),(260,33,2025,7,'pago',NULL,NULL,'2026-03-29 20:01:40','2026-03-29 20:01:40'),(261,33,2025,8,'pago',NULL,NULL,'2026-03-29 20:01:40','2026-03-29 20:01:40'),(262,33,2025,9,'pago',NULL,NULL,'2026-03-29 20:01:40','2026-03-29 20:01:40'),(263,33,2025,10,'pago',NULL,NULL,'2026-03-29 20:01:40','2026-03-29 20:01:40'),(264,33,2025,11,'pago',NULL,NULL,'2026-03-29 20:01:40','2026-03-29 20:01:40'),(265,33,2025,12,'pago',NULL,NULL,'2026-03-29 20:01:40','2026-03-29 20:01:40'),(266,34,2025,1,'pago',NULL,NULL,'2026-03-29 20:01:40','2026-03-29 20:01:40'),(267,34,2025,2,'pago',NULL,NULL,'2026-03-29 20:01:40','2026-03-29 20:01:40'),(268,34,2025,3,'pago',NULL,NULL,'2026-03-29 20:01:40','2026-03-29 20:01:40'),(269,34,2025,4,'pago',NULL,NULL,'2026-03-29 20:01:40','2026-03-29 20:01:40'),(270,34,2025,5,'pago',NULL,NULL,'2026-03-29 20:01:40','2026-03-29 20:01:40'),(271,34,2025,6,'pago',NULL,NULL,'2026-03-29 20:01:40','2026-03-29 20:01:40'),(272,34,2025,7,'pago',NULL,NULL,'2026-03-29 20:01:40','2026-03-29 20:01:40'),(273,35,2025,1,'pago',NULL,NULL,'2026-03-29 20:01:40','2026-03-29 20:01:40'),(274,35,2025,2,'pago',NULL,NULL,'2026-03-29 20:01:40','2026-03-29 20:01:40'),(275,35,2025,3,'pago',NULL,NULL,'2026-03-29 20:01:40','2026-03-29 20:01:40'),(276,35,2025,4,'pago',NULL,NULL,'2026-03-29 20:01:40','2026-03-29 20:01:40'),(277,35,2025,5,'pago',NULL,NULL,'2026-03-29 20:01:40','2026-03-29 20:01:40'),(278,35,2025,6,'pago',NULL,NULL,'2026-03-29 20:01:40','2026-03-29 20:01:40'),(279,35,2025,7,'pago',NULL,NULL,'2026-03-29 20:01:40','2026-03-29 20:01:40'),(280,36,2025,1,'pago',NULL,NULL,'2026-03-29 20:01:40','2026-03-29 20:01:40'),(281,36,2025,2,'pago',NULL,NULL,'2026-03-29 20:01:40','2026-03-29 20:01:40'),(282,36,2025,3,'pago',NULL,NULL,'2026-03-29 20:01:40','2026-03-29 20:01:40'),(283,36,2025,4,'pago',NULL,NULL,'2026-03-29 20:01:40','2026-03-29 20:01:40'),(284,36,2025,5,'pago',NULL,NULL,'2026-03-29 20:01:40','2026-03-29 20:01:40'),(285,36,2025,6,'pago',NULL,NULL,'2026-03-29 20:01:40','2026-03-29 20:01:40'),(286,36,2025,7,'pago',NULL,NULL,'2026-03-29 20:01:40','2026-03-29 20:01:40'),(287,36,2025,8,'pago',NULL,NULL,'2026-03-29 20:01:40','2026-03-29 20:01:40'),(288,36,2025,9,'pago',NULL,NULL,'2026-03-29 20:01:40','2026-03-29 20:01:40'),(289,36,2025,10,'pago',NULL,NULL,'2026-03-29 20:01:40','2026-03-29 20:01:40'),(290,36,2025,11,'pago',NULL,NULL,'2026-03-29 20:01:40','2026-03-29 20:01:40'),(291,36,2025,12,'pago',NULL,NULL,'2026-03-29 20:01:40','2026-03-29 20:01:40'),(292,37,2025,1,'pago',NULL,NULL,'2026-03-29 20:01:40','2026-03-29 20:01:40'),(293,37,2025,2,'pago',NULL,NULL,'2026-03-29 20:01:40','2026-03-29 20:01:40'),(294,37,2025,3,'pago',NULL,NULL,'2026-03-29 20:01:40','2026-03-29 20:01:40'),(295,37,2025,4,'pago',NULL,NULL,'2026-03-29 20:01:40','2026-03-29 20:01:40'),(296,37,2025,5,'pago',NULL,NULL,'2026-03-29 20:01:40','2026-03-29 20:01:40'),(297,37,2025,6,'pago',NULL,NULL,'2026-03-29 20:01:40','2026-03-29 20:01:40'),(298,37,2025,7,'pago',NULL,NULL,'2026-03-29 20:01:40','2026-03-29 20:01:40'),(299,37,2025,8,'pago',NULL,NULL,'2026-03-29 20:01:40','2026-03-29 20:01:40'),(300,37,2025,9,'pago',NULL,NULL,'2026-03-29 20:01:40','2026-03-29 20:01:40'),(301,37,2025,10,'pago',NULL,NULL,'2026-03-29 20:01:40','2026-03-29 20:01:40'),(302,37,2025,11,'pago',NULL,NULL,'2026-03-29 20:01:40','2026-03-29 20:01:40'),(303,37,2025,12,'pago',NULL,NULL,'2026-03-29 20:01:40','2026-03-29 20:01:40'),(304,38,2025,1,'pago',NULL,NULL,'2026-03-29 20:01:40','2026-03-29 20:01:40'),(305,38,2025,2,'pago',NULL,NULL,'2026-03-29 20:01:40','2026-03-29 20:01:40'),(306,38,2025,3,'pago',NULL,NULL,'2026-03-29 20:01:40','2026-03-29 20:01:40'),(307,38,2025,4,'pago',NULL,NULL,'2026-03-29 20:01:40','2026-03-29 20:01:40'),(308,38,2025,5,'pago',NULL,NULL,'2026-03-29 20:01:40','2026-03-29 20:01:40'),(309,38,2025,6,'pago',NULL,NULL,'2026-03-29 20:01:40','2026-03-29 20:01:40'),(310,38,2025,7,'pago',NULL,NULL,'2026-03-29 20:01:40','2026-03-29 20:01:40'),(311,38,2025,8,'pago',NULL,NULL,'2026-03-29 20:01:40','2026-03-29 20:01:40'),(312,38,2025,9,'pago',NULL,NULL,'2026-03-29 20:01:40','2026-03-29 20:01:40'),(313,38,2025,10,'pago',NULL,NULL,'2026-03-29 20:01:40','2026-03-29 20:01:40'),(314,38,2025,11,'pago',NULL,NULL,'2026-03-29 20:01:40','2026-03-29 20:01:40'),(315,38,2025,12,'pago',NULL,NULL,'2026-03-29 20:01:40','2026-03-29 20:01:40'),(316,39,2025,1,'pago',NULL,NULL,'2026-03-29 20:01:40','2026-03-29 20:01:40'),(317,39,2025,2,'pago',NULL,NULL,'2026-03-29 20:01:40','2026-03-29 20:01:40'),(318,39,2025,3,'pago',NULL,NULL,'2026-03-29 20:01:40','2026-03-29 20:01:40'),(319,39,2025,4,'pago',NULL,NULL,'2026-03-29 20:01:40','2026-03-29 20:01:40'),(320,39,2025,5,'pago',NULL,NULL,'2026-03-29 20:01:40','2026-03-29 20:01:40'),(321,39,2025,6,'pago',NULL,NULL,'2026-03-29 20:01:40','2026-03-29 20:01:40'),(322,39,2025,7,'pago',NULL,NULL,'2026-03-29 20:01:40','2026-03-29 20:01:40'),(323,39,2025,8,'pago',NULL,NULL,'2026-03-29 20:01:40','2026-03-29 20:01:40'),(324,39,2025,9,'pago',NULL,NULL,'2026-03-29 20:01:40','2026-03-29 20:01:40'),(325,39,2025,10,'pago',NULL,NULL,'2026-03-29 20:01:40','2026-03-29 20:01:40'),(326,39,2025,11,'pago',NULL,NULL,'2026-03-29 20:01:40','2026-03-29 20:01:40'),(327,39,2025,12,'pago',NULL,NULL,'2026-03-29 20:01:40','2026-03-29 20:01:40'),(328,40,2025,1,'pago',NULL,NULL,'2026-03-29 20:01:40','2026-03-29 20:01:40'),(329,40,2025,2,'pago',NULL,NULL,'2026-03-29 20:01:40','2026-03-29 20:01:40'),(330,40,2025,3,'pago',NULL,NULL,'2026-03-29 20:01:40','2026-03-29 20:01:40'),(331,40,2025,4,'pago',NULL,NULL,'2026-03-29 20:01:40','2026-03-29 20:01:40'),(332,40,2025,5,'pago',NULL,NULL,'2026-03-29 20:01:40','2026-03-29 20:01:40'),(333,40,2025,6,'pago',NULL,NULL,'2026-03-29 20:01:40','2026-03-29 20:01:40'),(334,40,2025,7,'pago',NULL,NULL,'2026-03-29 20:01:40','2026-03-29 20:01:40'),(335,40,2025,8,'pago',NULL,NULL,'2026-03-29 20:01:40','2026-03-29 20:01:40'),(336,40,2025,9,'pago',NULL,NULL,'2026-03-29 20:01:40','2026-03-29 20:01:40'),(337,40,2025,10,'pago',NULL,NULL,'2026-03-29 20:01:40','2026-03-29 20:01:40'),(338,40,2025,11,'pago',NULL,NULL,'2026-03-29 20:01:40','2026-03-29 20:01:40'),(339,40,2025,12,'pago',NULL,NULL,'2026-03-29 20:01:40','2026-03-29 20:01:40'),(340,41,2025,1,'pago',NULL,NULL,'2026-03-29 20:01:40','2026-03-29 20:01:40'),(341,41,2025,2,'pago',NULL,NULL,'2026-03-29 20:01:40','2026-03-29 20:01:40'),(342,41,2025,3,'pago',NULL,NULL,'2026-03-29 20:01:40','2026-03-29 20:01:40'),(343,41,2025,4,'pago',NULL,NULL,'2026-03-29 20:01:40','2026-03-29 20:01:40'),(344,41,2025,5,'pago',NULL,NULL,'2026-03-29 20:01:40','2026-03-29 20:01:40'),(345,41,2025,6,'pago',NULL,NULL,'2026-03-29 20:01:40','2026-03-29 20:01:40'),(346,41,2025,7,'pago',NULL,NULL,'2026-03-29 20:01:40','2026-03-29 20:01:40'),(347,42,2025,1,'pago',NULL,NULL,'2026-03-29 20:01:40','2026-03-29 20:01:40'),(348,42,2025,2,'pago',NULL,NULL,'2026-03-29 20:01:40','2026-03-29 20:01:40'),(349,42,2025,3,'pago',NULL,NULL,'2026-03-29 20:01:40','2026-03-29 20:01:40'),(350,42,2025,4,'pago',NULL,NULL,'2026-03-29 20:01:40','2026-03-29 20:01:40'),(351,42,2025,5,'pago',NULL,NULL,'2026-03-29 20:01:40','2026-03-29 20:01:40'),(352,42,2025,6,'pago',NULL,NULL,'2026-03-29 20:01:40','2026-03-29 20:01:40'),(353,42,2025,7,'pago',NULL,NULL,'2026-03-29 20:01:40','2026-03-29 20:01:40'),(354,43,2025,1,'pago',NULL,NULL,'2026-03-29 20:01:40','2026-03-29 20:01:40'),(355,43,2025,2,'pago',NULL,NULL,'2026-03-29 20:01:40','2026-03-29 20:01:40'),(356,43,2025,3,'pago',NULL,NULL,'2026-03-29 20:01:40','2026-03-29 20:01:40'),(357,43,2025,4,'pago',NULL,NULL,'2026-03-29 20:01:40','2026-03-29 20:01:40'),(358,43,2025,5,'pago',NULL,NULL,'2026-03-29 20:01:40','2026-03-29 20:01:40'),(359,43,2025,6,'pago',NULL,NULL,'2026-03-29 20:01:40','2026-03-29 20:01:40'),(360,43,2025,7,'pago',NULL,NULL,'2026-03-29 20:01:40','2026-03-29 20:01:40'),(361,43,2025,8,'pago',NULL,NULL,'2026-03-29 20:01:40','2026-03-29 20:01:40'),(362,43,2025,9,'pago',NULL,NULL,'2026-03-29 20:01:40','2026-03-29 20:01:40'),(363,43,2025,10,'pago',NULL,NULL,'2026-03-29 20:01:40','2026-03-29 20:01:40'),(364,43,2025,11,'pago',NULL,NULL,'2026-03-29 20:01:40','2026-03-29 20:01:40'),(365,44,2025,1,'pago',NULL,NULL,'2026-03-29 20:01:40','2026-03-29 20:01:40'),(366,44,2025,2,'pago',NULL,NULL,'2026-03-29 20:01:40','2026-03-29 20:01:40'),(367,44,2025,3,'pago',NULL,NULL,'2026-03-29 20:01:40','2026-03-29 20:01:40'),(368,44,2025,4,'pago',NULL,NULL,'2026-03-29 20:01:40','2026-03-29 20:01:40'),(369,44,2025,5,'pago',NULL,NULL,'2026-03-29 20:01:40','2026-03-29 20:01:40'),(370,44,2025,6,'pago',NULL,NULL,'2026-03-29 20:01:40','2026-03-29 20:01:40'),(371,44,2025,7,'pago',NULL,NULL,'2026-03-29 20:01:40','2026-03-29 20:01:40'),(372,45,2025,1,'pago',NULL,NULL,'2026-03-29 20:01:40','2026-03-29 20:01:40'),(373,45,2025,2,'pago',NULL,NULL,'2026-03-29 20:01:40','2026-03-29 20:01:40'),(374,45,2025,3,'pago',NULL,NULL,'2026-03-29 20:01:40','2026-03-29 20:01:40'),(375,45,2025,4,'pago',NULL,NULL,'2026-03-29 20:01:40','2026-03-29 20:01:40'),(376,45,2025,5,'pago',NULL,NULL,'2026-03-29 20:01:40','2026-03-29 20:01:40'),(377,45,2025,6,'pago',NULL,NULL,'2026-03-29 20:01:40','2026-03-29 20:01:40'),(378,45,2025,7,'pago',NULL,NULL,'2026-03-29 20:01:40','2026-03-29 20:01:40'),(379,46,2025,1,'pago',NULL,NULL,'2026-03-29 20:01:40','2026-03-29 20:01:40'),(380,46,2025,2,'pago',NULL,NULL,'2026-03-29 20:01:40','2026-03-29 20:01:40'),(381,46,2025,3,'pago',NULL,NULL,'2026-03-29 20:01:40','2026-03-29 20:01:40'),(382,46,2025,4,'pago',NULL,NULL,'2026-03-29 20:01:40','2026-03-29 20:01:40'),(383,46,2025,5,'pago',NULL,NULL,'2026-03-29 20:01:40','2026-03-29 20:01:40'),(384,46,2025,6,'pago',NULL,NULL,'2026-03-29 20:01:40','2026-03-29 20:01:40'),(385,46,2025,7,'pago',NULL,NULL,'2026-03-29 20:01:40','2026-03-29 20:01:40'),(386,47,2025,1,'pago',NULL,NULL,'2026-03-29 20:01:40','2026-03-29 20:01:40'),(387,47,2025,2,'pago',NULL,NULL,'2026-03-29 20:01:40','2026-03-29 20:01:40'),(388,47,2025,3,'pago',NULL,NULL,'2026-03-29 20:01:40','2026-03-29 20:01:40'),(389,47,2025,4,'pago',NULL,NULL,'2026-03-29 20:01:40','2026-03-29 20:01:40'),(390,47,2025,5,'pago',NULL,NULL,'2026-03-29 20:01:40','2026-03-29 20:01:40'),(391,47,2025,6,'pago',NULL,NULL,'2026-03-29 20:01:40','2026-03-29 20:01:40'),(392,47,2025,7,'pago',NULL,NULL,'2026-03-29 20:01:40','2026-03-29 20:01:40'),(393,47,2025,8,'pago',NULL,NULL,'2026-03-29 20:01:40','2026-03-29 20:01:40'),(394,47,2025,9,'pago',NULL,NULL,'2026-03-29 20:01:40','2026-03-29 20:01:40'),(395,47,2025,10,'pago',NULL,NULL,'2026-03-29 20:01:40','2026-03-29 20:01:40'),(396,47,2025,11,'pago',NULL,NULL,'2026-03-29 20:01:40','2026-03-29 20:01:40'),(397,47,2025,12,'pago',NULL,NULL,'2026-03-29 20:01:40','2026-03-29 20:01:40'),(398,48,2025,1,'pago',NULL,NULL,'2026-03-29 20:01:40','2026-03-29 20:01:40'),(399,48,2025,2,'pago',NULL,NULL,'2026-03-29 20:01:40','2026-03-29 20:01:40'),(400,48,2025,3,'pago',NULL,NULL,'2026-03-29 20:01:40','2026-03-29 20:01:40'),(401,48,2025,4,'pago',NULL,NULL,'2026-03-29 20:01:40','2026-03-29 20:01:40'),(402,48,2025,5,'pago',NULL,NULL,'2026-03-29 20:01:40','2026-03-29 20:01:40'),(403,48,2025,6,'pago',NULL,NULL,'2026-03-29 20:01:40','2026-03-29 20:01:40'),(404,48,2025,7,'pago',NULL,NULL,'2026-03-29 20:01:40','2026-03-29 20:01:40'),(405,48,2025,8,'pago',NULL,NULL,'2026-03-29 20:01:40','2026-03-29 20:01:40'),(406,49,2025,1,'pago',NULL,NULL,'2026-03-29 20:01:40','2026-03-29 20:01:40'),(407,49,2025,2,'pago',NULL,NULL,'2026-03-29 20:01:40','2026-03-29 20:01:40'),(408,49,2025,3,'pago',NULL,NULL,'2026-03-29 20:01:40','2026-03-29 20:01:40'),(409,49,2025,4,'pago',NULL,NULL,'2026-03-29 20:01:40','2026-03-29 20:01:40'),(410,49,2025,5,'pago',NULL,NULL,'2026-03-29 20:01:40','2026-03-29 20:01:40'),(411,49,2025,6,'pago',NULL,NULL,'2026-03-29 20:01:40','2026-03-29 20:01:40'),(412,49,2025,7,'pago',NULL,NULL,'2026-03-29 20:01:40','2026-03-29 20:01:40'),(413,50,2025,1,'pago',NULL,NULL,'2026-03-29 20:01:40','2026-03-29 20:01:40'),(414,50,2025,2,'pago',NULL,NULL,'2026-03-29 20:01:40','2026-03-29 20:01:40'),(415,50,2025,3,'pago',NULL,NULL,'2026-03-29 20:01:40','2026-03-29 20:01:40'),(416,50,2025,4,'pago',NULL,NULL,'2026-03-29 20:01:40','2026-03-29 20:01:40'),(417,50,2025,5,'pago',NULL,NULL,'2026-03-29 20:01:40','2026-03-29 20:01:40'),(418,50,2025,6,'pago',NULL,NULL,'2026-03-29 20:01:40','2026-03-29 20:01:40'),(419,50,2025,7,'pago',NULL,NULL,'2026-03-29 20:01:40','2026-03-29 20:01:40'),(420,50,2025,8,'pago',NULL,NULL,'2026-03-29 20:01:40','2026-03-29 20:01:40'),(421,50,2025,9,'pago',NULL,NULL,'2026-03-29 20:01:40','2026-03-29 20:01:40'),(422,50,2025,10,'pago',NULL,NULL,'2026-03-29 20:01:40','2026-03-29 20:01:40'),(423,50,2025,11,'pago',NULL,NULL,'2026-03-29 20:01:40','2026-03-29 20:01:40'),(424,50,2025,12,'pago',NULL,NULL,'2026-03-29 20:01:40','2026-03-29 20:01:40'),(425,51,2025,1,'pago',NULL,NULL,'2026-03-29 20:01:40','2026-03-29 20:01:40'),(426,51,2025,2,'pago',NULL,NULL,'2026-03-29 20:01:40','2026-03-29 20:01:40'),(427,51,2025,3,'pago',NULL,NULL,'2026-03-29 20:01:40','2026-03-29 20:01:40'),(428,51,2025,4,'pago',NULL,NULL,'2026-03-29 20:01:40','2026-03-29 20:01:40'),(429,51,2025,5,'pago',NULL,NULL,'2026-03-29 20:01:40','2026-03-29 20:01:40'),(430,51,2025,6,'pago',NULL,NULL,'2026-03-29 20:01:40','2026-03-29 20:01:40'),(431,51,2025,7,'pago',NULL,NULL,'2026-03-29 20:01:40','2026-03-29 20:01:40'),(432,52,2025,1,'pago',NULL,NULL,'2026-03-29 20:01:40','2026-03-29 20:01:40'),(433,52,2025,2,'pago',NULL,NULL,'2026-03-29 20:01:40','2026-03-29 20:01:40'),(434,52,2025,3,'pago',NULL,NULL,'2026-03-29 20:01:40','2026-03-29 20:01:40'),(435,52,2025,4,'pago',NULL,NULL,'2026-03-29 20:01:40','2026-03-29 20:01:40'),(436,52,2025,5,'pago',NULL,NULL,'2026-03-29 20:01:40','2026-03-29 20:01:40'),(437,52,2025,6,'pago',NULL,NULL,'2026-03-29 20:01:40','2026-03-29 20:01:40'),(438,52,2025,7,'pago',NULL,NULL,'2026-03-29 20:01:40','2026-03-29 20:01:40'),(439,53,2025,1,'pago',NULL,NULL,'2026-03-29 20:01:40','2026-03-29 20:01:40'),(440,53,2025,2,'pago',NULL,NULL,'2026-03-29 20:01:40','2026-03-29 20:01:40'),(441,53,2025,3,'pago',NULL,NULL,'2026-03-29 20:01:40','2026-03-29 20:01:40'),(442,53,2025,4,'pago',NULL,NULL,'2026-03-29 20:01:40','2026-03-29 20:01:40'),(443,53,2025,5,'pago',NULL,NULL,'2026-03-29 20:01:40','2026-03-29 20:01:40'),(444,53,2025,6,'pago',NULL,NULL,'2026-03-29 20:01:40','2026-03-29 20:01:40'),(445,53,2025,7,'pago',NULL,NULL,'2026-03-29 20:01:40','2026-03-29 20:01:40'),(446,53,2025,8,'pago',NULL,NULL,'2026-03-29 20:01:40','2026-03-29 20:01:40'),(447,54,2025,1,'pago',NULL,NULL,'2026-03-29 20:01:40','2026-03-29 20:01:40'),(448,54,2025,2,'pago',NULL,NULL,'2026-03-29 20:01:40','2026-03-29 20:01:40'),(449,54,2025,3,'pago',NULL,NULL,'2026-03-29 20:01:40','2026-03-29 20:01:40'),(450,54,2025,4,'pago',NULL,NULL,'2026-03-29 20:01:40','2026-03-29 20:01:40'),(451,54,2025,5,'pago',NULL,NULL,'2026-03-29 20:01:40','2026-03-29 20:01:40'),(452,54,2025,6,'pago',NULL,NULL,'2026-03-29 20:01:40','2026-03-29 20:01:40'),(453,54,2025,7,'pago',NULL,NULL,'2026-03-29 20:01:40','2026-03-29 20:01:40'),(454,55,2025,1,'pago',NULL,NULL,'2026-03-29 20:01:40','2026-03-29 20:01:40'),(455,55,2025,2,'pago',NULL,NULL,'2026-03-29 20:01:40','2026-03-29 20:01:40'),(456,55,2025,3,'pago',NULL,NULL,'2026-03-29 20:01:40','2026-03-29 20:01:40'),(457,55,2025,4,'pago',NULL,NULL,'2026-03-29 20:01:40','2026-03-29 20:01:40'),(458,55,2025,5,'pago',NULL,NULL,'2026-03-29 20:01:40','2026-03-29 20:01:40'),(459,55,2025,6,'pago',NULL,NULL,'2026-03-29 20:01:40','2026-03-29 20:01:40'),(460,55,2025,7,'pago',NULL,NULL,'2026-03-29 20:01:40','2026-03-29 20:01:40'),(461,55,2025,8,'pago',NULL,NULL,'2026-03-29 20:01:40','2026-03-29 20:01:40'),(462,55,2025,9,'pago',NULL,NULL,'2026-03-29 20:01:40','2026-03-29 20:01:40'),(463,55,2025,10,'pago',NULL,NULL,'2026-03-29 20:01:40','2026-03-29 20:01:40'),(464,55,2025,11,'pago',NULL,NULL,'2026-03-29 20:01:40','2026-03-29 20:01:40'),(465,55,2025,12,'pago',NULL,NULL,'2026-03-29 20:01:40','2026-03-29 20:01:40'),(466,56,2025,1,'pago',NULL,NULL,'2026-03-29 20:01:40','2026-03-29 20:01:40'),(467,56,2025,2,'pago',NULL,NULL,'2026-03-29 20:01:40','2026-03-29 20:01:40'),(468,56,2025,4,'pago',NULL,NULL,'2026-03-29 20:01:40','2026-03-29 20:01:40'),(469,56,2025,5,'pago',NULL,NULL,'2026-03-29 20:01:40','2026-03-29 20:01:40'),(470,56,2025,6,'pago',NULL,NULL,'2026-03-29 20:01:40','2026-03-29 20:01:40'),(471,57,2025,3,'caucao',NULL,NULL,'2026-03-29 20:01:40','2026-03-29 20:01:40'),(472,57,2025,4,'pago',NULL,NULL,'2026-03-29 20:01:40','2026-03-29 20:01:40'),(473,57,2025,5,'pago',NULL,NULL,'2026-03-29 20:01:40','2026-03-29 20:01:40'),(474,57,2025,6,'pago',NULL,NULL,'2026-03-29 20:01:40','2026-03-29 20:01:40'),(475,58,2025,3,'caucao',NULL,NULL,'2026-03-29 20:01:40','2026-03-29 20:01:40'),(476,58,2025,4,'pago',NULL,NULL,'2026-03-29 20:01:40','2026-03-29 20:01:40'),(477,58,2025,5,'pago',NULL,NULL,'2026-03-29 20:01:40','2026-03-29 20:01:40'),(478,58,2025,6,'pago',NULL,NULL,'2026-03-29 20:01:40','2026-03-29 20:01:40'),(479,58,2025,7,'pago',NULL,NULL,'2026-03-29 20:01:40','2026-03-29 20:01:40'),(480,58,2025,8,'pago',NULL,NULL,'2026-03-29 20:01:40','2026-03-29 20:01:40'),(481,58,2025,9,'pago',NULL,NULL,'2026-03-29 20:01:40','2026-03-29 20:01:40'),(482,59,2025,3,'caucao',NULL,NULL,'2026-03-29 20:01:40','2026-03-29 20:01:40'),(483,59,2025,4,'pago',NULL,NULL,'2026-03-29 20:01:40','2026-03-29 20:01:40'),(484,59,2025,5,'pago',NULL,NULL,'2026-03-29 20:01:40','2026-03-29 20:01:40'),(485,59,2025,6,'pago',NULL,NULL,'2026-03-29 20:01:40','2026-03-29 20:01:40'),(486,59,2025,7,'pago',NULL,NULL,'2026-03-29 20:01:40','2026-03-29 20:01:40'),(487,59,2025,8,'pago',NULL,NULL,'2026-03-29 20:01:40','2026-03-29 20:01:40'),(488,59,2025,9,'pago',NULL,NULL,'2026-03-29 20:01:40','2026-03-29 20:01:40'),(489,59,2025,10,'pago',NULL,NULL,'2026-03-29 20:01:40','2026-03-29 20:01:40'),(490,59,2025,11,'pago',NULL,NULL,'2026-03-29 20:01:40','2026-03-29 20:01:40'),(491,60,2025,1,'pago',NULL,NULL,'2026-03-29 20:01:40','2026-03-29 20:01:40'),(492,60,2025,2,'pago',NULL,NULL,'2026-03-29 20:01:40','2026-03-29 20:01:40'),(493,60,2025,3,'pago',NULL,NULL,'2026-03-29 20:01:40','2026-03-29 20:01:40'),(494,60,2025,4,'pago',NULL,NULL,'2026-03-29 20:01:40','2026-03-29 20:01:40'),(495,60,2025,5,'pago',NULL,NULL,'2026-03-29 20:01:40','2026-03-29 20:01:40'),(496,60,2025,6,'pago',NULL,NULL,'2026-03-29 20:01:40','2026-03-29 20:01:40'),(497,60,2025,7,'nao_pago',NULL,NULL,'2026-03-29 20:01:40','2026-03-29 20:01:40'),(498,60,2025,8,'nao_pago',NULL,NULL,'2026-03-29 20:01:40','2026-03-29 20:01:40'),(499,61,2025,2,'caucao',NULL,NULL,'2026-03-29 20:01:40','2026-03-29 20:01:40'),(500,61,2025,3,'pago',NULL,NULL,'2026-03-29 20:01:40','2026-03-29 20:01:40'),(501,61,2025,4,'pago',NULL,NULL,'2026-03-29 20:01:40','2026-03-29 20:01:40'),(502,61,2025,5,'pago',NULL,NULL,'2026-03-29 20:01:40','2026-03-29 20:01:40'),(503,61,2025,6,'pago',NULL,NULL,'2026-03-29 20:01:40','2026-03-29 20:01:40'),(504,61,2025,7,'pago',NULL,NULL,'2026-03-29 20:01:40','2026-03-29 20:01:40'),(505,61,2025,8,'pago',NULL,NULL,'2026-03-29 20:01:40','2026-03-29 20:01:40'),(506,61,2025,9,'pago',NULL,NULL,'2026-03-29 20:01:40','2026-03-29 20:01:40'),(507,62,2025,6,'caucao',NULL,NULL,'2026-03-29 20:01:40','2026-03-29 20:01:40'),(508,62,2025,7,'pago',NULL,NULL,'2026-03-29 20:01:40','2026-03-29 20:01:40'),(509,62,2025,8,'pago',NULL,NULL,'2026-03-29 20:01:40','2026-03-29 20:01:40'),(510,62,2025,9,'pago',NULL,NULL,'2026-03-29 20:01:40','2026-03-29 20:01:40'),(511,62,2025,10,'pago',NULL,NULL,'2026-03-29 20:01:40','2026-03-29 20:01:40'),(512,62,2025,11,'pago',NULL,NULL,'2026-03-29 20:01:40','2026-03-29 20:01:40'),(513,62,2025,12,'pago',NULL,NULL,'2026-03-29 20:01:40','2026-03-29 20:01:40'),(514,63,2025,6,'caucao',NULL,NULL,'2026-03-29 20:01:40','2026-03-29 20:01:40'),(515,63,2025,7,'pago',NULL,NULL,'2026-03-29 20:01:40','2026-03-29 20:01:40'),(516,64,2025,10,'caucao',NULL,NULL,'2026-03-29 20:01:40','2026-03-29 20:01:40'),(517,64,2025,11,'pago',NULL,NULL,'2026-03-29 20:01:40','2026-03-29 20:01:40'),(518,64,2025,12,'pago',NULL,NULL,'2026-03-29 20:01:40','2026-03-29 20:01:40'),(519,65,2025,10,'caucao',NULL,NULL,'2026-03-29 20:01:40','2026-03-29 20:01:40'),(520,65,2025,11,'pago',NULL,NULL,'2026-03-29 20:01:40','2026-03-29 20:01:40'),(521,65,2025,12,'pago',NULL,NULL,'2026-03-29 20:01:40','2026-03-29 20:01:40'),(522,66,2025,10,'caucao',NULL,NULL,'2026-03-29 20:01:40','2026-03-29 20:01:40'),(523,66,2025,11,'pago',NULL,NULL,'2026-03-29 20:01:40','2026-03-29 20:01:40'),(524,67,2025,9,'caucao',NULL,NULL,'2026-03-29 20:01:40','2026-03-29 20:01:40'),(525,67,2025,11,'pago',NULL,NULL,'2026-03-29 20:01:40','2026-03-29 20:01:40'),(526,67,2025,12,'pago',NULL,NULL,'2026-03-29 20:01:40','2026-03-29 20:01:40'),(527,68,2025,10,'caucao',NULL,NULL,'2026-03-29 20:01:40','2026-03-29 20:01:40'),(528,68,2025,11,'pago',NULL,NULL,'2026-03-29 20:01:40','2026-03-29 20:01:40'),(529,69,2025,10,'caucao',NULL,NULL,'2026-03-29 20:01:40','2026-03-29 20:01:40'),(530,69,2025,11,'pago',NULL,NULL,'2026-03-29 20:01:40','2026-03-29 20:01:40'),(531,69,2025,12,'pago',NULL,NULL,'2026-03-29 20:01:40','2026-03-29 20:01:40'),(532,70,2025,1,'pago',NULL,NULL,'2026-03-29 20:01:40','2026-03-29 20:01:40'),(533,70,2025,2,'pago',NULL,NULL,'2026-03-29 20:01:40','2026-03-29 20:01:40'),(534,70,2025,3,'pago',NULL,NULL,'2026-03-29 20:01:40','2026-03-29 20:01:40'),(535,70,2025,4,'pago',NULL,NULL,'2026-03-29 20:01:40','2026-03-29 20:01:40'),(536,70,2025,5,'pago',NULL,NULL,'2026-03-29 20:01:40','2026-03-29 20:01:40'),(537,70,2025,6,'pago',NULL,NULL,'2026-03-29 20:01:40','2026-03-29 20:01:40'),(538,70,2025,7,'pago',NULL,NULL,'2026-03-29 20:01:40','2026-03-29 20:01:40'),(539,70,2025,8,'pago',NULL,NULL,'2026-03-29 20:01:40','2026-03-29 20:01:40'),(540,70,2025,9,'pago',NULL,NULL,'2026-03-29 20:01:40','2026-03-29 20:01:40'),(541,70,2025,10,'pago',NULL,NULL,'2026-03-29 20:01:40','2026-03-29 20:01:40'),(542,70,2025,11,'pago',NULL,NULL,'2026-03-29 20:01:40','2026-03-29 20:01:40'),(543,70,2025,12,'pago',NULL,NULL,'2026-03-29 20:01:40','2026-03-29 20:01:40'),(544,71,2025,1,'pago',NULL,NULL,'2026-03-29 20:01:40','2026-03-29 20:01:40'),(545,71,2025,2,'pago',NULL,NULL,'2026-03-29 20:01:40','2026-03-29 20:01:40'),(546,71,2025,3,'pago',NULL,NULL,'2026-03-29 20:01:40','2026-03-29 20:01:40'),(547,71,2025,4,'pago',NULL,NULL,'2026-03-29 20:01:40','2026-03-29 20:01:40'),(548,71,2025,5,'pago',NULL,NULL,'2026-03-29 20:01:40','2026-03-29 20:01:40'),(549,71,2025,6,'pago',NULL,NULL,'2026-03-29 20:01:40','2026-03-29 20:01:40'),(550,71,2025,7,'pago',NULL,NULL,'2026-03-29 20:01:40','2026-03-29 20:01:40'),(551,71,2025,8,'pago',NULL,NULL,'2026-03-29 20:01:40','2026-03-29 20:01:40'),(552,71,2025,9,'pago',NULL,NULL,'2026-03-29 20:01:40','2026-03-29 20:01:40');
/*!40000 ALTER TABLE `pagamentos` ENABLE KEYS */;
UNLOCK TABLES;

--
-- Table structure for table `users`
--

DROP TABLE IF EXISTS `users`;
/*!40101 SET @saved_cs_client     = @@character_set_client */;
/*!40101 SET character_set_client = utf8mb4 */;
CREATE TABLE `users` (
  `id` int(11) NOT NULL AUTO_INCREMENT,
  `openId` varchar(64) NOT NULL,
  `name` text DEFAULT NULL,
  `email` varchar(320) DEFAULT NULL,
  `loginMethod` varchar(64) DEFAULT NULL,
  `role` enum('user','admin') NOT NULL DEFAULT 'user',
  `createdAt` timestamp NOT NULL DEFAULT current_timestamp(),
  `updatedAt` timestamp NOT NULL DEFAULT current_timestamp() ON UPDATE current_timestamp(),
  `lastSignedIn` timestamp NOT NULL DEFAULT current_timestamp(),
  PRIMARY KEY (`id`),
  UNIQUE KEY `users_openId_unique` (`openId`)
) ENGINE=InnoDB AUTO_INCREMENT=74 DEFAULT CHARSET=utf8mb4 COLLATE=utf8mb4_unicode_ci;
/*!40101 SET character_set_client = @saved_cs_client */;

--
-- Dumping data for table `users`
--

LOCK TABLES `users` WRITE;
/*!40000 ALTER TABLE `users` DISABLE KEYS */;
INSERT INTO `users` VALUES (1,'local-admin-owner','Administrador','admin@local.dev','local','admin','2026-03-29 19:53:20','2026-03-29 20:13:05','2026-03-30 00:13:05');
/*!40000 ALTER TABLE `users` ENABLE KEYS */;
UNLOCK TABLES;
/*!40103 SET TIME_ZONE=@OLD_TIME_ZONE */;

/*!40101 SET SQL_MODE=@OLD_SQL_MODE */;
/*!40014 SET FOREIGN_KEY_CHECKS=@OLD_FOREIGN_KEY_CHECKS */;
/*!40014 SET UNIQUE_CHECKS=@OLD_UNIQUE_CHECKS */;
/*!40101 SET CHARACTER_SET_CLIENT=@OLD_CHARACTER_SET_CLIENT */;
/*!40101 SET CHARACTER_SET_RESULTS=@OLD_CHARACTER_SET_RESULTS */;
/*!40101 SET COLLATION_CONNECTION=@OLD_COLLATION_CONNECTION */;
/*!40111 SET SQL_NOTES=@OLD_SQL_NOTES */;

-- Dump completed on 2026-03-30 19:30:23
